Workbook

Sheet 지출내역
A1: No | B1: 날짜 | C1: 시간 | D1: 가맹점 | E1: 품목/내용 | F1: 결제통화 | G1: 결제금액 | H1: 적용환율(원/단위) | I1: 원화(KRW) | J1: 달러(USD) | K1: 투그릭(MNT) | L1: 개인/공금 | M1: 소비패턴 | N1: 출처 | O1: 비고
A2: =IF(G2="","",ROW()-1) -> 1 | B2: 46300 | C2: 12:14 | D2: NOMINGOBI | E2: 품목 미확인 | F2: MNT | G2: 620094 | H2: =IF(G2="","",INDEX(환율!$B$2:$B$10,MATCH(F2,환율!$A$2:$A$10,0))) -> 0.4 | I2: =IF(G2="","",G2*H2) -> 248037.6 | J2: =IF(G2="","",I2/INDEX(환율!$B$2:$B$10,MATCH("USD",환율!$A$2:$A$10,0))) -> 179.73739 | K2: =IF(G2="","",I2/INDEX(환율!$B$2:$B$10,MATCH("MNT",환율!$A$2:$A$10,0))) -> 620094 | L2: 미정 | M2: 기타 | N2: 영수증 | O2: 품목 확인 필요
A3: =IF(G3="","",ROW()-1) -> 2 | B3: 46300 | C3: 12:16 | D3: NOMIN | E3: 초콜릿 | F3: MNT | G3: 11380 | H3: =IF(G3="","",INDEX(환율!$B$2:$B$10,MATCH(F3,환율!$A$2:$A$10,0))) -> 0.4 | I3: =IF(G3="","",G3*H3) -> 4552 | J3: =IF(G3="","",I3/INDEX(환율!$B$2:$B$10,MATCH("USD",환율!$A$2:$A$10,0))) -> 3.2985507 | K3: =IF(G3="","",I3/INDEX(환율!$B$2:$B$10,MATCH("MNT",환율!$A$2:$A$10,0))) -> 11380 | L3: 미정 | M3: 생필품 | N3: 영수증
A4: =IF(G4="","",ROW()-1) -> 3 | B4: 46303 | C4: 11:30 | D4: NOMIN BUSINESS CLUB | E4: 아이스크림 3개 | F4: MNT | G4: 12654 | H4: =IF(G4="","",INDEX(환율!$B$2:$B$10,MATCH(F4,환율!$A$2:$A$10,0))) -> 0.4 | I4: =IF(G4="","",G4*H4) -> 5061.6 | J4: =IF(G4="","",I4/INDEX(환율!$B$2:$B$10,MATCH("USD",환율!$A$2:$A$10,0))) -> 3.6678261 | K4: =IF(G4="","",I4/INDEX(환율!$B$2:$B$10,MATCH("MNT",환율!$A$2:$A$10,0))) -> 12654 | L4: 미정 | M4: 생필품 | N4: 영수증
A5: =IF(G5="","",ROW()-1) -> 4 | B5: 46303 | C5: 11:32 | D5: NOMIN BUSINESS CLUB | E5: 품목 미확인 | F5: MNT | G5: 96285 | H5: =IF(G5="","",INDEX(환율!$B$2:$B$10,MATCH(F5,환율!$A$2:$A$10,0))) -> 0.4 | I5: =IF(G5="","",G5*H5) -> 38514 | J5: =IF(G5="","",I5/INDEX(환율!$B$2:$B$10,MATCH("USD",환율!$A$2:$A$10,0))) -> 27.908696 | K5: =IF(G5="","",I5/INDEX(환율!$B$2:$B$10,MATCH("MNT",환율!$A$2:$A$10,0))) -> 96285 | L5: 미정 | M5: 기타 | N5: 영수증 | O5: 품목 확인 필요
A6: =IF(G6="","",ROW()-1) -> 5 | B6: 46303 | C6: 20:53 | D6: 놈곤 상점 | E6: 콜라 300ml | F6: MNT | G6: 1390 | H6: =IF(G6="","",INDEX(환율!$B$2:$B$10,MATCH(F6,환율!$A$2:$A$10,0))) -> 0.4 | I6: =IF(G6="","",G6*H6) -> 556 | J6: =IF(G6="","",I6/INDEX(환율!$B$2:$B$10,MATCH("USD",환율!$A$2:$A$10,0))) -> 0.40289855 | K6: =IF(G6="","",I6/INDEX(환율!$B$2:$B$10,MATCH("MNT",환율!$A$2:$A$10,0))) -> 1390 | L6: 미정 | M6: 생필품 | N6: 영수증
A7: =IF(G7="","",ROW()-1) -> 6 | B7: 46304 | C7: 14:17 | D7: STORE 5017 | E7: 카드 사용 확인용 구매 | F7: MNT | G7: 5850 | H7: =IF(G7="","",INDEX(환율!$B$2:$B$10,MATCH(F7,환율!$A$2:$A$10,0))) -> 0.4 | I7: =IF(G7="","",G7*H7) -> 2340 | J7: =IF(G7="","",I7/INDEX(환율!$B$2:$B$10,MATCH("USD",환율!$A$2:$A$10,0))) -> 1.6956522 | K7: =IF(G7="","",I7/INDEX(환율!$B$2:$B$10,MATCH("MNT",환율!$A$2:$A$10,0))) -> 5850 | L7: 미정 | M7: 기타 | N7: 영수증
A8: =IF(G8="","",ROW()-1) -> 7 | B8: 46304 | C8: 14:56 | D8: DREAM PLAZA 1-1 뷰티재팬 | E8: 간식 | F8: MNT | G8: 43600 | H8: =IF(G8="","",INDEX(환율!$B$2:$B$10,MATCH(F8,환율!$A$2:$A$10,0))) -> 0.4 | I8: =IF(G8="","",G8*H8) -> 17440 | J8: =IF(G8="","",I8/INDEX(환율!$B$2:$B$10,MATCH("USD",환율!$A$2:$A$10,0))) -> 12.637681 | K8: =IF(G8="","",I8/INDEX(환율!$B$2:$B$10,MATCH("MNT",환율!$A$2:$A$10,0))) -> 43600 | L8: 미정 | M8: 생필품 | N8: 영수증
A9: =IF(G9="","",ROW()-1) -> 8 | D9: 미확인 SendMN | E9: 현금 지급·송금 추정 | F9: MNT | G9: 286800 | H9: =IF(G9="","",INDEX(환율!$B$2:$B$10,MATCH(F9,환율!$A$2:$A$10,0))) -> 0.4 | I9: =IF(G9="","",G9*H9) -> 114720 | J9: =IF(G9="","",I9/INDEX(환율!$B$2:$B$10,MATCH("USD",환율!$A$2:$A$10,0))) -> 83.130435 | K9: =IF(G9="","",I9/INDEX(환율!$B$2:$B$10,MATCH("MNT",환율!$A$2:$A$10,0))) -> 286800 | L9: 미정 | M9: 기타 | N9: 영수증 | O9: 날짜 불명, 용도 확인 필요
A10: =IF(G10="","",ROW()-1) | H10: =IF(G10="","",INDEX(환율!$B$2:$B$10,MATCH(F10,환율!$A$2:$A$10,0))) | I10: =IF(G10="","",G10*H10) | J10: =IF(G10="","",I10/INDEX(환율!$B$2:$B$10,MATCH("USD",환율!$A$2:$A$10,0))) | K10: =IF(G10="","",I10/INDEX(환율!$B$2:$B$10,MATCH("MNT",환율!$A$2:$A$10,0)))
A11: =IF(G11="","",ROW()-1) | H11: =IF(G11="","",INDEX(환율!$B$2:$B$10,MATCH(F11,환율!$A$2:$A$10,0))) | I11: =IF(G11="","",G11*H11) | J11: =IF(G11="","",I11/INDEX(환율!$B$2:$B$10,MATCH("USD",환율!$A$2:$A$10,0))) | K11: =IF(G11="","",I11/INDEX(환율!$B$2:$B$10,MATCH("MNT",환율!$A$2:$A$10,0)))
A12: =IF(G12="","",ROW()-1) | H12: =IF(G12="","",INDEX(환율!$B$2:$B$10,MATCH(F12,환율!$A$2:$A$10,0))) | I12: =IF(G12="","",G12*H12) | J12: =IF(G12="","",I12/INDEX(환율!$B$2:$B$10,MATCH("USD",환율!$A$2:$A$10,0))) | K12: =IF(G12="","",I12/INDEX(환율!$B$2:$B$10,MATCH("MNT",환율!$A$2:$A$10,0)))
A13: =IF(G13="","",ROW()-1) | H13: =IF(G13="","",INDEX(환율!$B$2:$B$10,MATCH(F13,환율!$A$2:$A$10,0))) | I13: =IF(G13="","",G13*H13) | J13: =IF(G13="","",I13/INDEX(환율!$B$2:$B$10,MATCH("USD",환율!$A$2:$A$10,0))) | K13: =IF(G13="","",I13/INDEX(환율!$B$2:$B$10,MATCH("MNT",환율!$A$2:$A$10,0)))
A14: =IF(G14="","",ROW()-1) | H14: =IF(G14="","",INDEX(환율!$B$2:$B$10,MATCH(F14,환율!$A$2:$A$10,0))) | I14: =IF(G14="","",G14*H14) | J14: =IF(G14="","",I14/INDEX(환율!$B$2:$B$10,MATCH("USD",환율!$A$2:$A$10,0))) | K14: =IF(G14="","",I14/INDEX(환율!$B$2:$B$10,MATCH("MNT",환율!$A$2:$A$10,0)))
A15: =IF(G15="","",ROW()-1) | H15: =IF(G15="","",INDEX(환율!$B$2:$B$10,MATCH(F15,환율!$A$2:$A$10,0))) | I15: =IF(G15="","",G15*H15) | J15: =IF(G15="","",I15/INDEX(환율!$B$2:$B$10,MATCH("USD",환율!$A$2:$A$10,0))) | K15: =IF(G15="","",I15/INDEX(환율!$B$2:$B$10,MATCH("MNT",환율!$A$2:$A$10,0)))
A16: =IF(G16="","",ROW()-1) | H16: =IF(G16="","",INDEX(환율!$B$2:$B$10,MATCH(F16,환율!$A$2:$A$10,0))) | I16: =IF(G16="","",G16*H16) | J16: =IF(G16="","",I16/INDEX(환율!$B$2:$B$10,MATCH("USD",환율!$A$2:$A$10,0))) | K16: =IF(G16="","",I16/INDEX(환율!$B$2:$B$10,MATCH("MNT",환율!$A$2:$A$10,0)))
A17: =IF(G17="","",ROW()-1) | H17: =IF(G17="","",INDEX(환율!$B$2:$B$10,MATCH(F17,환율!$A$2:$A$10,0))) | I17: =IF(G17="","",G17*H17) | J17: =IF(G17="","",I17/INDEX(환율!$B$2:$B$10,MATCH("USD",환율!$A$2:$A$10,0))) | K17: =IF(G17="","",I17/INDEX(환율!$B$2:$B$10,MATCH("MNT",환율!$A$2:$A$10,0)))
A18: =IF(G18="","",ROW()-1) | H18: =IF(G18="","",INDEX(환율!$B$2:$B$10,MATCH(F18,환율!$A$2:$A$10,0))) | I18: =IF(G18="","",G18*H18) | J18: =IF(G18="","",I18/INDEX(환율!$B$2:$B$10,MATCH("USD",환율!$A$2:$A$10,0))) | K18: =IF(G18="","",I18/INDEX(환율!$B$2:$B$10,MATCH("MNT",환율!$A$2:$A$10,0)))
A19: =IF(G19="","",ROW()-1) | H19: =IF(G19="","",INDEX(환율!$B$2:$B$10,MATCH(F19,환율!$A$2:$A$10,0))) | I19: =IF(G19="","",G19*H19) | J19: =IF(G19="","",I19/INDEX(환율!$B$2:$B$10,MATCH("USD",환율!$A$2:$A$10,0))) | K19: =IF(G19="","",I19/INDEX(환율!$B$2:$B$10,MATCH("MNT",환율!$A$2:$A$10,0)))
A20: =IF(G20="","",ROW()-1) | H20: =IF(G20="","",INDEX(환율!$B$2:$B$10,MATCH(F20,환율!$A$2:$A$10,0))) | I20: =IF(G20="","",G20*H20) | J20: =IF(G20="","",I20/INDEX(환율!$B$2:$B$10,MATCH("USD",환율!$A$2:$A$10,0))) | K20: =IF(G20="","",I20/INDEX(환율!$B$2:$B$10,MATCH("MNT",환율!$A$2:$A$10,0)))
A21: =IF(G21="","",ROW()-1) | H21: =IF(G21="","",INDEX(환율!$B$2:$B$10,MATCH(F21,환율!$A$2:$A$10,0))) | I21: =IF(G21="","",G21*H21) | J21: =IF(G21="","",I21/INDEX(환율!$B$2:$B$10,MATCH("USD",환율!$A$2:$A$10,0))) | K21: =IF(G21="","",I21/INDEX(환율!$B$2:$B$10,MATCH("MNT",환율!$A$2:$A$10,0)))
... A101: =IF(G101="","",ROW()-1) | H101: =IF(G101="","",INDEX(환율!$B$2:$B$10,MATCH(F101,환율!$A$2:$A$10,0))) | I101: =IF(G101="","",G101*H101) | J101: =IF(G101="","",I101/INDEX(환율!$B$2:$B$10,MATCH("USD",환율!$A$2:$A$10,0))) | K101: =IF(G101="","",I101/INDEX(환율!$B$2:$B$10,MATCH("MNT",환율!$A$2:$A$10,0)))
E102: 합계 | I102: =SUM(I2:I101) -> 431221.2 | J102: =SUM(J2:J101) -> 312.47913 | K102: =SUM(K2:K101) -> 1078053

Sheet 환율
A1: 통화 | B1: 1단위당 원화(KRW) | C1: 설명
A2: KRW | B2: 1 | C2: 기준 통화
A3: USD | B3: 1380 | C3: 가정치 — 실제 환전/카드 청구 환율로 교체
A4: MNT | B4: 0.4 | C4: 가정치 — 실제 환전/카드 청구 환율로 교체
A6: 노란 칸(B3:B4)만 수정하면 모든 시트의 원화·달러·투그릭 금액이 다시 계산됩니다.
A7: 환율 가정: 2026-10 기준 대략치(1 USD ≈ 1,380원, 1 MNT ≈ 0.40원). 출처 없음 — 반드시 실제 값으로 교체.

Sheet 요약
A1: 소비패턴 × 개인/공금 (원화 기준)
A3: 소비패턴 | B3: 개인 | C3: 공금 | D3: 미정 | E3: 합계(KRW) | F3: 달러(USD) | G3: 투그릭(MNT) | H3: 비중
A4: 예약금 | B4: =SUMIFS(지출내역!$I$2:$I$101,지출내역!$M$2:$M$101,$A4,지출내역!$L$2:$L$101,B$3) -> 0 | C4: =SUMIFS(지출내역!$I$2:$I$101,지출내역!$M$2:$M$101,$A4,지출내역!$L$2:$L$101,C$3) -> 0 | D4: =SUMIFS(지출내역!$I$2:$I$101,지출내역!$M$2:$M$101,$A4,지출내역!$L$2:$L$101,D$3) -> 0 | E4: =SUM(B4:D4) -> 0 | F4: =E4/INDEX(환율!$B$2:$B$10,MATCH("USD",환율!$A$2:$A$10,0)) -> 0 | G4: =E4/INDEX(환율!$B$2:$B$10,MATCH("MNT",환율!$A$2:$A$10,0)) -> 0 | H4: =IF($E$7=0,0,E4/$E$7) -> 0
A5: 생필품 | B5: =SUMIFS(지출내역!$I$2:$I$101,지출내역!$M$2:$M$101,$A5,지출내역!$L$2:$L$101,B$3) -> 0 | C5: =SUMIFS(지출내역!$I$2:$I$101,지출내역!$M$2:$M$101,$A5,지출내역!$L$2:$L$101,C$3) -> 0 | D5: =SUMIFS(지출내역!$I$2:$I$101,지출내역!$M$2:$M$101,$A5,지출내역!$L$2:$L$101,D$3) -> 27609.6 | E5: =SUM(B5:D5) -> 27609.6 | F5: =E5/INDEX(환율!$B$2:$B$10,MATCH("USD",환율!$A$2:$A$10,0)) -> 20.006957 | G5: =E5/INDEX(환율!$B$2:$B$10,MATCH("MNT",환율!$A$2:$A$10,0)) -> 69024 | H5: =IF($E$7=0,0,E5/$E$7) -> 0.064026537
A6: 기타 | B6: =SUMIFS(지출내역!$I$2:$I$101,지출내역!$M$2:$M$101,$A6,지출내역!$L$2:$L$101,B$3) -> 0 | C6: =SUMIFS(지출내역!$I$2:$I$101,지출내역!$M$2:$M$101,$A6,지출내역!$L$2:$L$101,C$3) -> 0 | D6: =SUMIFS(지출내역!$I$2:$I$101,지출내역!$M$2:$M$101,$A6,지출내역!$L$2:$L$101,D$3) -> 403611.6 | E6: =SUM(B6:D6) -> 403611.6 | F6: =E6/INDEX(환율!$B$2:$B$10,MATCH("USD",환율!$A$2:$A$10,0)) -> 292.47217 | G6: =E6/INDEX(환율!$B$2:$B$10,MATCH("MNT",환율!$A$2:$A$10,0)) -> 1009029 | H6: =IF($E$7=0,0,E6/$E$7) -> 0.93597346
A7: 합계 | B7: =SUM(B4:B6) -> 0 | C7: =SUM(C4:C6) -> 0 | D7: =SUM(D4:D6) -> 431221.2 | E7: =SUM(E4:E6) -> 431221.2 | F7: =SUM(F4:F6) -> 312.47913 | G7: =SUM(G4:G6) -> 1078053 | H7: =SUM(H4:H6) -> 1
A9: 검증: 요약 합계 − 지출내역 합계 (0이어야 정상 — 분류/구분 칸이 비었거나 목록 외 값이면 0이 아님)
A10: =E7-지출내역!I102 -> 0
A12: 입력 안내: 지출내역 시트의 파란 글씨 칸(B~G, L~O)만 입력. 검정·초록 칸은 수식이며 101행까지 미리 채워져 있음.
