Workbook

Sheet 지출내역
A1: No | B1: 날짜 | C1: 시간 | D1: 가맹점 | E1: 품목/내용 | F1: 결제수단 | G1: 결제통화 | H1: 결제금액 | I1: 적용환율(원/단위) | J1: 원화(KRW) | K1: 달러(USD) | L1: 투그릭(MNT) | M1: 개인/공금 | N1: 소비패턴 | O1: 출처 | P1: 비고
A2: =IF(H2="","",ROW()-1) -> 1 | B2: 46299 | D2: 노민마트 | E2: 품목 미확인 | F2: 현금 | G2: MNT | H2: 321966 | I2: =IF(H2="","",INDEX(환율!$B$2:$B$10,MATCH(G2,환율!$A$2:$A$10,0))) -> 0.4 | J2: =IF(H2="","",H2*I2) -> 128786.4 | K2: =IF(H2="","",J2/INDEX(환율!$B$2:$B$10,MATCH("USD",환율!$A$2:$A$10,0))) -> 93.323478 | L2: =IF(H2="","",J2/INDEX(환율!$B$2:$B$10,MATCH("MNT",환율!$A$2:$A$10,0))) -> 321966 | M2: 미정 | N2: 기타 | O2: 기존시트
A3: =IF(H3="","",ROW()-1) -> 2 | B3: 46300 | C3: 12:14 | D3: NOMINGOBI (노민마트) | E3: 품목 미확인 | F3: 현금 | G3: MNT | H3: 620094 | I3: =IF(H3="","",INDEX(환율!$B$2:$B$10,MATCH(G3,환율!$A$2:$A$10,0))) -> 0.4 | J3: =IF(H3="","",H3*I3) -> 248037.6 | K3: =IF(H3="","",J3/INDEX(환율!$B$2:$B$10,MATCH("USD",환율!$A$2:$A$10,0))) -> 179.73739 | L3: =IF(H3="","",J3/INDEX(환율!$B$2:$B$10,MATCH("MNT",환율!$A$2:$A$10,0))) -> 620094 | M3: 미정 | N3: 기타 | O3: 병합 | P3: 기존 시트 10/5 노민마트와 같은 금액 → 한 건으로 합침
A4: =IF(H4="","",ROW()-1) -> 3 | B4: 46300 | C4: 12:16 | D4: NOMIN | E4: 초콜릿 | F4: 미확인 | G4: MNT | H4: 11380 | I4: =IF(H4="","",INDEX(환율!$B$2:$B$10,MATCH(G4,환율!$A$2:$A$10,0))) -> 0.4 | J4: =IF(H4="","",H4*I4) -> 4552 | K4: =IF(H4="","",J4/INDEX(환율!$B$2:$B$10,MATCH("USD",환율!$A$2:$A$10,0))) -> 3.2985507 | L4: =IF(H4="","",J4/INDEX(환율!$B$2:$B$10,MATCH("MNT",환율!$A$2:$A$10,0))) -> 11380 | M4: 미정 | N4: 생필품 | O4: 영수증
A5: =IF(H5="","",ROW()-1) -> 4 | B5: 46303 | C5: 11:30 | D5: NOMIN BUSINESS CLUB | E5: 아이스크림 3개 | F5: 미확인 | G5: MNT | H5: 12654 | I5: =IF(H5="","",INDEX(환율!$B$2:$B$10,MATCH(G5,환율!$A$2:$A$10,0))) -> 0.4 | J5: =IF(H5="","",H5*I5) -> 5061.6 | K5: =IF(H5="","",J5/INDEX(환율!$B$2:$B$10,MATCH("USD",환율!$A$2:$A$10,0))) -> 3.6678261 | L5: =IF(H5="","",J5/INDEX(환율!$B$2:$B$10,MATCH("MNT",환율!$A$2:$A$10,0))) -> 12654 | M5: 미정 | N5: 생필품 | O5: 영수증
A6: =IF(H6="","",ROW()-1) -> 5 | B6: 46303 | C6: 11:32 | D6: NOMIN BUSINESS CLUB (노민마트) | E6: 품목 미확인 | F6: 현금 | G6: MNT | H6: 96285 | I6: =IF(H6="","",INDEX(환율!$B$2:$B$10,MATCH(G6,환율!$A$2:$A$10,0))) -> 0.4 | J6: =IF(H6="","",H6*I6) -> 38514 | K6: =IF(H6="","",J6/INDEX(환율!$B$2:$B$10,MATCH("USD",환율!$A$2:$A$10,0))) -> 27.908696 | L6: =IF(H6="","",J6/INDEX(환율!$B$2:$B$10,MATCH("MNT",환율!$A$2:$A$10,0))) -> 96285 | M6: 미정 | N6: 기타 | O6: 병합 | P6: 기존 시트에는 10/6 노민마트로 기록 → 날짜 확인 필요
A7: =IF(H7="","",ROW()-1) -> 6 | B7: 46303 | C7: 20:53 | D7: 놈곤 상점 | E7: 콜라 300ml | F7: 미확인 | G7: MNT | H7: 1390 | I7: =IF(H7="","",INDEX(환율!$B$2:$B$10,MATCH(G7,환율!$A$2:$A$10,0))) -> 0.4 | J7: =IF(H7="","",H7*I7) -> 556 | K7: =IF(H7="","",J7/INDEX(환율!$B$2:$B$10,MATCH("USD",환율!$A$2:$A$10,0))) -> 0.40289855 | L7: =IF(H7="","",J7/INDEX(환율!$B$2:$B$10,MATCH("MNT",환율!$A$2:$A$10,0))) -> 1390 | M7: 미정 | N7: 생필품 | O7: 영수증
A8: =IF(H8="","",ROW()-1) -> 7 | B8: 46304 | C8: 14:17 | D8: STORE 5017 | E8: 카드 사용 확인용 구매 | F8: 카드 | G8: MNT | H8: 5850 | I8: =IF(H8="","",INDEX(환율!$B$2:$B$10,MATCH(G8,환율!$A$2:$A$10,0))) -> 0.4 | J8: =IF(H8="","",H8*I8) -> 2340 | K8: =IF(H8="","",J8/INDEX(환율!$B$2:$B$10,MATCH("USD",환율!$A$2:$A$10,0))) -> 1.6956522 | L8: =IF(H8="","",J8/INDEX(환율!$B$2:$B$10,MATCH("MNT",환율!$A$2:$A$10,0))) -> 5850 | M8: 미정 | N8: 기타 | O8: 영수증
A9: =IF(H9="","",ROW()-1) -> 8 | B9: 46304 | C9: 14:56 | D9: DREAM PLAZA 1-1 뷰티재팬 | E9: 간식 | F9: 미확인 | G9: MNT | H9: 43600 | I9: =IF(H9="","",INDEX(환율!$B$2:$B$10,MATCH(G9,환율!$A$2:$A$10,0))) -> 0.4 | J9: =IF(H9="","",H9*I9) -> 17440 | K9: =IF(H9="","",J9/INDEX(환율!$B$2:$B$10,MATCH("USD",환율!$A$2:$A$10,0))) -> 12.637681 | L9: =IF(H9="","",J9/INDEX(환율!$B$2:$B$10,MATCH("MNT",환율!$A$2:$A$10,0))) -> 43600 | M9: 미정 | N9: 생필품 | O9: 영수증
A10: =IF(H10="","",ROW()-1) -> 9 | E10: 캐리어 팁 | F10: 현금 | G10: MNT | H10: 10000 | I10: =IF(H10="","",INDEX(환율!$B$2:$B$10,MATCH(G10,환율!$A$2:$A$10,0))) -> 0.4 | J10: =IF(H10="","",H10*I10) -> 4000 | K10: =IF(H10="","",J10/INDEX(환율!$B$2:$B$10,MATCH("USD",환율!$A$2:$A$10,0))) -> 2.8985507 | L10: =IF(H10="","",J10/INDEX(환율!$B$2:$B$10,MATCH("MNT",환율!$A$2:$A$10,0))) -> 10000 | M10: 미정 | N10: 기타 | O10: 기존시트 | P10: 날짜 미기재
A11: =IF(H11="","",ROW()-1) -> 10 | E11: 아이스크림 | F11: 현금 | G11: MNT | H11: 24900 | I11: =IF(H11="","",INDEX(환율!$B$2:$B$10,MATCH(G11,환율!$A$2:$A$10,0))) -> 0.4 | J11: =IF(H11="","",H11*I11) -> 9960 | K11: =IF(H11="","",J11/INDEX(환율!$B$2:$B$10,MATCH("USD",환율!$A$2:$A$10,0))) -> 7.2173913 | L11: =IF(H11="","",J11/INDEX(환율!$B$2:$B$10,MATCH("MNT",환율!$A$2:$A$10,0))) -> 24900 | M11: 미정 | N11: 생필품 | O11: 기존시트 | P11: 날짜 미기재 · 영수증 아이스크림(12,654)과 금액 달라 별도 처리
A12: =IF(H12="","",ROW()-1) -> 11 | E12: 맥주 | F12: 현금 | G12: MNT | H12: 72000 | I12: =IF(H12="","",INDEX(환율!$B$2:$B$10,MATCH(G12,환율!$A$2:$A$10,0))) -> 0.4 | J12: =IF(H12="","",H12*I12) -> 28800 | K12: =IF(H12="","",J12/INDEX(환율!$B$2:$B$10,MATCH("USD",환율!$A$2:$A$10,0))) -> 20.869565 | L12: =IF(H12="","",J12/INDEX(환율!$B$2:$B$10,MATCH("MNT",환율!$A$2:$A$10,0))) -> 72000 | M12: 미정 | N12: 생필품 | O12: 기존시트 | P12: 날짜 미기재
A13: =IF(H13="","",ROW()-1) -> 12 | E13: 빠기 커피 | F13: 현금 | G13: MNT | H13: 9900 | I13: =IF(H13="","",INDEX(환율!$B$2:$B$10,MATCH(G13,환율!$A$2:$A$10,0))) -> 0.4 | J13: =IF(H13="","",H13*I13) -> 3960 | K13: =IF(H13="","",J13/INDEX(환율!$B$2:$B$10,MATCH("USD",환율!$A$2:$A$10,0))) -> 2.8695652 | L13: =IF(H13="","",J13/INDEX(환율!$B$2:$B$10,MATCH("MNT",환율!$A$2:$A$10,0))) -> 9900 | M13: 미정 | N13: 생필품 | O13: 기존시트 | P13: 날짜 미기재
A14: =IF(H14="","",ROW()-1) -> 13 | D14: SendMN (미확인) | E14: 현금 지급·송금 추정 | F14: 송금 | G14: MNT | H14: 286800 | I14: =IF(H14="","",INDEX(환율!$B$2:$B$10,MATCH(G14,환율!$A$2:$A$10,0))) -> 0.4 | J14: =IF(H14="","",H14*I14) -> 114720 | K14: =IF(H14="","",J14/INDEX(환율!$B$2:$B$10,MATCH("USD",환율!$A$2:$A$10,0))) -> 83.130435 | L14: =IF(H14="","",J14/INDEX(환율!$B$2:$B$10,MATCH("MNT",환율!$A$2:$A$10,0))) -> 286800 | M14: 미정 | N14: 기타 | O14: 영수증 | P14: 날짜 불명, 용도 확인 필요
A15: =IF(H15="","",ROW()-1) | I15: =IF(H15="","",INDEX(환율!$B$2:$B$10,MATCH(G15,환율!$A$2:$A$10,0))) | J15: =IF(H15="","",H15*I15) | K15: =IF(H15="","",J15/INDEX(환율!$B$2:$B$10,MATCH("USD",환율!$A$2:$A$10,0))) | L15: =IF(H15="","",J15/INDEX(환율!$B$2:$B$10,MATCH("MNT",환율!$A$2:$A$10,0)))
A16: =IF(H16="","",ROW()-1) | I16: =IF(H16="","",INDEX(환율!$B$2:$B$10,MATCH(G16,환율!$A$2:$A$10,0))) | J16: =IF(H16="","",H16*I16) | K16: =IF(H16="","",J16/INDEX(환율!$B$2:$B$10,MATCH("USD",환율!$A$2:$A$10,0))) | L16: =IF(H16="","",J16/INDEX(환율!$B$2:$B$10,MATCH("MNT",환율!$A$2:$A$10,0)))
A17: =IF(H17="","",ROW()-1) | I17: =IF(H17="","",INDEX(환율!$B$2:$B$10,MATCH(G17,환율!$A$2:$A$10,0))) | J17: =IF(H17="","",H17*I17) | K17: =IF(H17="","",J17/INDEX(환율!$B$2:$B$10,MATCH("USD",환율!$A$2:$A$10,0))) | L17: =IF(H17="","",J17/INDEX(환율!$B$2:$B$10,MATCH("MNT",환율!$A$2:$A$10,0)))
A18: =IF(H18="","",ROW()-1) | I18: =IF(H18="","",INDEX(환율!$B$2:$B$10,MATCH(G18,환율!$A$2:$A$10,0))) | J18: =IF(H18="","",H18*I18) | K18: =IF(H18="","",J18/INDEX(환율!$B$2:$B$10,MATCH("USD",환율!$A$2:$A$10,0))) | L18: =IF(H18="","",J18/INDEX(환율!$B$2:$B$10,MATCH("MNT",환율!$A$2:$A$10,0)))
A19: =IF(H19="","",ROW()-1) | I19: =IF(H19="","",INDEX(환율!$B$2:$B$10,MATCH(G19,환율!$A$2:$A$10,0))) | J19: =IF(H19="","",H19*I19) | K19: =IF(H19="","",J19/INDEX(환율!$B$2:$B$10,MATCH("USD",환율!$A$2:$A$10,0))) | L19: =IF(H19="","",J19/INDEX(환율!$B$2:$B$10,MATCH("MNT",환율!$A$2:$A$10,0)))
A20: =IF(H20="","",ROW()-1) | I20: =IF(H20="","",INDEX(환율!$B$2:$B$10,MATCH(G20,환율!$A$2:$A$10,0))) | J20: =IF(H20="","",H20*I20) | K20: =IF(H20="","",J20/INDEX(환율!$B$2:$B$10,MATCH("USD",환율!$A$2:$A$10,0))) | L20: =IF(H20="","",J20/INDEX(환율!$B$2:$B$10,MATCH("MNT",환율!$A$2:$A$10,0)))
A21: =IF(H21="","",ROW()-1) | I21: =IF(H21="","",INDEX(환율!$B$2:$B$10,MATCH(G21,환율!$A$2:$A$10,0))) | J21: =IF(H21="","",H21*I21) | K21: =IF(H21="","",J21/INDEX(환율!$B$2:$B$10,MATCH("USD",환율!$A$2:$A$10,0))) | L21: =IF(H21="","",J21/INDEX(환율!$B$2:$B$10,MATCH("MNT",환율!$A$2:$A$10,0)))
A22: =IF(H22="","",ROW()-1) | I22: =IF(H22="","",INDEX(환율!$B$2:$B$10,MATCH(G22,환율!$A$2:$A$10,0))) | J22: =IF(H22="","",H22*I22) | K22: =IF(H22="","",J22/INDEX(환율!$B$2:$B$10,MATCH("USD",환율!$A$2:$A$10,0))) | L22: =IF(H22="","",J22/INDEX(환율!$B$2:$B$10,MATCH("MNT",환율!$A$2:$A$10,0)))
A23: =IF(H23="","",ROW()-1) | I23: =IF(H23="","",INDEX(환율!$B$2:$B$10,MATCH(G23,환율!$A$2:$A$10,0))) | J23: =IF(H23="","",H23*I23) | K23: =IF(H23="","",J23/INDEX(환율!$B$2:$B$10,MATCH("USD",환율!$A$2:$A$10,0))) | L23: =IF(H23="","",J23/INDEX(환율!$B$2:$B$10,MATCH("MNT",환율!$A$2:$A$10,0)))
A24: =IF(H24="","",ROW()-1) | I24: =IF(H24="","",INDEX(환율!$B$2:$B$10,MATCH(G24,환율!$A$2:$A$10,0))) | J24: =IF(H24="","",H24*I24) | K24: =IF(H24="","",J24/INDEX(환율!$B$2:$B$10,MATCH("USD",환율!$A$2:$A$10,0))) | L24: =IF(H24="","",J24/INDEX(환율!$B$2:$B$10,MATCH("MNT",환율!$A$2:$A$10,0)))
A25: =IF(H25="","",ROW()-1) | I25: =IF(H25="","",INDEX(환율!$B$2:$B$10,MATCH(G25,환율!$A$2:$A$10,0))) | J25: =IF(H25="","",H25*I25) | K25: =IF(H25="","",J25/INDEX(환율!$B$2:$B$10,MATCH("USD",환율!$A$2:$A$10,0))) | L25: =IF(H25="","",J25/INDEX(환율!$B$2:$B$10,MATCH("MNT",환율!$A$2:$A$10,0)))
A26: =IF(H26="","",ROW()-1) | I26: =IF(H26="","",INDEX(환율!$B$2:$B$10,MATCH(G26,환율!$A$2:$A$10,0))) | J26: =IF(H26="","",H26*I26) | K26: =IF(H26="","",J26/INDEX(환율!$B$2:$B$10,MATCH("USD",환율!$A$2:$A$10,0))) | L26: =IF(H26="","",J26/INDEX(환율!$B$2:$B$10,MATCH("MNT",환율!$A$2:$A$10,0)))
... A61: =IF(H61="","",ROW()-1) | I61: =IF(H61="","",INDEX(환율!$B$2:$B$10,MATCH(G61,환율!$A$2:$A$10,0))) | J61: =IF(H61="","",H61*I61) | K61: =IF(H61="","",J61/INDEX(환율!$B$2:$B$10,MATCH("USD",환율!$A$2:$A$10,0))) | L61: =IF(H61="","",J61/INDEX(환율!$B$2:$B$10,MATCH("MNT",환율!$A$2:$A$10,0)))
E62: 합계 | J62: =SUM(J2:J61) -> 606727.6 | K62: =SUM(K2:K61) -> 439.65768 | L62: =SUM(L2:L61) -> 1516819

Sheet 환율
A1: 통화 | B1: 1단위당 원화(KRW) | C1: 설명
A2: KRW | B2: 1 | C2: 기준 통화
A3: USD | B3: 1380 | C3: 가정치 — 실제 환전/카드 청구 환율로 교체
A4: MNT | B4: 0.4 | C4: 가정치 — 실제 환전/카드 청구 환율로 교체
A6: 노란 칸(B3:B4)만 수정하면 모든 시트의 원화·달러·투그릭 금액이 다시 계산됩니다.
A7: 환율 가정: 2026-10 기준 대략치(1 USD ≈ 1,380원, 1 MNT ≈ 0.40원). 출처 없음 — 반드시 실제 값으로 교체.

Sheet 요약
A1: 소비패턴 × 개인/공금 (원화 기준)
A3: 소비패턴 | B3: 개인 | C3: 공금 | D3: 미정 | E3: 합계(KRW) | F3: 달러(USD) | G3: 투그릭(MNT) | H3: 비중
A4: 예약금 | B4: =SUMIFS(지출내역!$J$2:$J$61,지출내역!$N$2:$N$61,$A4,지출내역!$M$2:$M$61,B$3) -> 0 | C4: =SUMIFS(지출내역!$J$2:$J$61,지출내역!$N$2:$N$61,$A4,지출내역!$M$2:$M$61,C$3) -> 0 | D4: =SUMIFS(지출내역!$J$2:$J$61,지출내역!$N$2:$N$61,$A4,지출내역!$M$2:$M$61,D$3) -> 0 | E4: =SUM(B4:D4) -> 0 | F4: =E4/INDEX(환율!$B$2:$B$10,MATCH("USD",환율!$A$2:$A$10,0)) -> 0 | G4: =E4/INDEX(환율!$B$2:$B$10,MATCH("MNT",환율!$A$2:$A$10,0)) -> 0 | H4: =IF($E$7=0,0,E4/$E$7) -> 0
A5: 생필품 | B5: =SUMIFS(지출내역!$J$2:$J$61,지출내역!$N$2:$N$61,$A5,지출내역!$M$2:$M$61,B$3) -> 0 | C5: =SUMIFS(지출내역!$J$2:$J$61,지출내역!$N$2:$N$61,$A5,지출내역!$M$2:$M$61,C$3) -> 0 | D5: =SUMIFS(지출내역!$J$2:$J$61,지출내역!$N$2:$N$61,$A5,지출내역!$M$2:$M$61,D$3) -> 70329.6 | E5: =SUM(B5:D5) -> 70329.6 | F5: =E5/INDEX(환율!$B$2:$B$10,MATCH("USD",환율!$A$2:$A$10,0)) -> 50.963478 | G5: =E5/INDEX(환율!$B$2:$B$10,MATCH("MNT",환율!$A$2:$A$10,0)) -> 175824 | H5: =IF($E$7=0,0,E5/$E$7) -> 0.11591627
A6: 기타 | B6: =SUMIFS(지출내역!$J$2:$J$61,지출내역!$N$2:$N$61,$A6,지출내역!$M$2:$M$61,B$3) -> 0 | C6: =SUMIFS(지출내역!$J$2:$J$61,지출내역!$N$2:$N$61,$A6,지출내역!$M$2:$M$61,C$3) -> 0 | D6: =SUMIFS(지출내역!$J$2:$J$61,지출내역!$N$2:$N$61,$A6,지출내역!$M$2:$M$61,D$3) -> 536398 | E6: =SUM(B6:D6) -> 536398 | F6: =E6/INDEX(환율!$B$2:$B$10,MATCH("USD",환율!$A$2:$A$10,0)) -> 388.6942 | G6: =E6/INDEX(환율!$B$2:$B$10,MATCH("MNT",환율!$A$2:$A$10,0)) -> 1340995 | H6: =IF($E$7=0,0,E6/$E$7) -> 0.88408373
A7: 합계 | B7: =SUM(B4:B6) -> 0 | C7: =SUM(C4:C6) -> 0 | D7: =SUM(D4:D6) -> 606727.6 | E7: =SUM(E4:E6) -> 606727.6 | F7: =SUM(F4:F6) -> 439.65768 | G7: =SUM(G4:G6) -> 1516819 | H7: =SUM(H4:H6) -> 1
A9: 검증: 요약 합계 − 지출내역 합계 (0이어야 정상 — 분류/구분 칸이 비었거나 목록 외 값이면 0이 아님)
A10: =E7-지출내역!J62 -> 0
A12: 입력 안내: 지출내역 시트의 파란 글씨 칸(B~H, M~P)만 입력. 검정·초록 칸은 수식이며 61행까지 미리 채워져 있음.
